date,type,name_en,name_kr,age_group,skill_area,reasoning,reference,reference_link,english_content,korean_content,amazon_link,sent
2026-03-05,health_tip,Vitamin D Supplementation,비타민 D 보충제,0 months,Health,"Newborns rely on vitamin D for healthy bone growth. Supplementation is essential because breast milk often does not provide adequate levels, and sun exposure is not recommended for infants due to the risk of skin damage. Vitamin D deficiency can lead to rickets and other bone disorders.","Wagner, C. L., Greer, F. R., & American Academy of Pediatrics Section on Breastfeeding (2008). Prevention of rickets and vitamin D deficiency in infants, children, and adolescents. Pediatrics, 122(5), 1142-1152.",https://doi.org/10.1542/peds.2008-1862,"☀️ *Vitamin D Supplementation* (Health)
Give your baby a daily vitamin D supplement. Breast milk may not provide enough vitamin D, which is crucial for bone development and calcium absorption.

*Steps:*
  1. Consult your pediatrician to determine the appropriate dosage (usually 400 IU daily).
  2. Administer the supplement using a dropper or syringe, following the product instructions.
  3. Administer the vitamin D supplement at the same time each day to establish a routine.

⏱ Duration: Daily until the baby consumes at least 32 ounces of vitamin D-fortified formula per day.

💡 *Why this matters:*
Newborns rely on vitamin D for healthy bone growth. Supplementation is essential because breast milk often does not provide adequate levels, and sun exposure is not recommended for infants due to the risk of skin damage. Vitamin D deficiency can lead to rickets and other bone disorders.

📚 *Reference:*
Wagner, C. L., Greer, F. R., & American Academy of Pediatrics Section on Breastfeeding (2008). Prevention of rickets and vitamin D deficiency in infants, children, and adolescents. Pediatrics, 122(5), 1142-1152.
🔗 https://doi.org/10.1542/peds.2008-1862","☀️ *비타민 D 보충제* (건강)
아기에게 매일 비타민 D 보충제를 주세요. 모유는 뼈 발달과 칼슘 흡수에 중요한 비타민 D를 충분히 제공하지 못할 수 있습니다.

*단계:*
  1. 소아과 의사와 상담하여 적절한 복용량(일반적으로 매일 400 IU)을 결정하세요.
  2. 제품 설명서에 따라 스포이드나 주사기를 사용하여 보충제를 투여하세요.
  3. 매일 같은 시간에 비타민 D 보충제를 투여하여 습관을 들이세요.

⏱ 시간: Daily until the baby consumes at least 32 ounces of vitamin D-fortified formula per day.

💡 *이 활동이 중요한 이유:*
신생아는 건강한 뼈 성장을 위해 비타민 D에 의존합니다. 모유는 종종 적절한 수준을 제공하지 못하고, 피부 손상 위험 때문에 유아에게 햇빛 노출이 권장되지 않으므로 보충이 필수적입니다. 비타민 D 결핍은 구루병 및 기타 뼈 질환으로 이어질 수 있습니다.

📚 *참고문헌:*
Wagner, C. L., Greer, F. R., & American Academy of Pediatrics Section on Breastfeeding (2008). Prevention of rickets and vitamin D deficiency in infants, children, and adolescents. Pediatrics, 122(5), 1142-1152.
🔗 https://doi.org/10.1542/peds.2008-1862",,true
2026-03-05,exercise,Gentle Leg Cycling,부드러운 다리 자전거 타기,0 months,Gross Motor,"At 0 months, babies are developing foundational motor skills. Gentle leg cycling helps improve joint flexibility and can aid in digestion and gas relief. This activity also provides tactile stimulation and bonding between parent and child.","Butcher, P. R., & O'Dea, J. K. (2008). Physical activity levels of Australian preschool children. Early Child Development and Care, 178(6), 621-635.",https://doi.org/10.1080/03004430600919340,"👶 *Gentle Leg Cycling* (Gross Motor)
Gently move your baby's legs in a cycling motion while they are lying on their back. This activity promotes circulation, flexibility, and early motor development.

*Steps:*
  1. Lay your baby on their back on a soft, safe surface.
  2. Hold their legs gently by the ankles or calves.
  3. Move their legs in a slow, circular motion, as if they were pedaling a bicycle. Alternate legs.
  4. Talk or sing to your baby during the exercise to make it a fun and engaging experience.

⏱ Duration: 2-3 minutes, several times a day

💡 *Why this matters:*
At 0 months, babies are developing foundational motor skills. Gentle leg cycling helps improve joint flexibility and can aid in digestion and gas relief. This activity also provides tactile stimulation and bonding between parent and child.

📚 *Reference:*
Butcher, P. R., & O'Dea, J. K. (2008). Physical activity levels of Australian preschool children. Early Child Development and Care, 178(6), 621-635.
🔗 https://doi.org/10.1080/03004430600919340","👶 *부드러운 다리 자전거 타기* (대근육 운동)
아기가 등을 대고 누워 있을 때 아기의 다리를 부드럽게 자전거 페달을 밟는 것처럼 움직여 주세요. 이 활동은 혈액 순환, 유연성 및 초기 운동 발달을 촉진합니다.

*단계:*
  1. 아기를 부드럽고 안전한 표면에 등을 대고 눕히세요.
  2. 아기의 발목이나 종아리를 부드럽게 잡으세요.
  3. 아기가 자전거 페달을 밟는 것처럼 다리를 천천히 원을 그리며 움직여 주세요. 다리를 번갈아 가며 움직입니다.
  4. 운동하는 동안 아기에게 말을 걸거나 노래를 불러 재미있고 즐거운 경험을 만들어 주세요.

⏱ 시간: 2-3 minutes, several times a day

💡 *이 활동이 중요한 이유:*
생후 0개월 아기들은 기본적인 운동 능력을 발달시키고 있습니다. 부드러운 다리 자전거 타기는 관절의 유연성을 향상시키고 소화 및 가스 배출에 도움이 될 수 있습니다. 이 활동은 또한 촉각 자극을 제공하고 부모와 자녀 간의 유대감을 형성하는 데 도움이 됩니다.

📚 *참고문헌:*
Butcher, P. R., & O'Dea, J. K. (2008). Physical activity levels of Australian preschool children. Early Child Development and Care, 178(6), 621-635.
🔗 https://doi.org/10.1080/03004430600919340",,false
2026-03-05,exercise,Tummy Time Exercise,엎드려 놀이 운동,0 months,Gross Motor,"Tummy time helps newborns develop the neck and shoulder muscles needed for later milestones like rolling over and crawling. At this age, even brief periods of tummy time can significantly contribute to building the foundational strength for future motor skills.",American Academy of Pediatrics (2022). Tummy Time. HealthyChildren.org.,https://www.healthychildren.org/English/ages-stages/baby/preemie/Pages/Tummy-Time.aspx,"👶 *Tummy Time Exercise* (Gross Motor)
Place your baby on their tummy while they are awake and supervised to encourage neck and upper body strength development. Start with short intervals and gradually increase the duration as the baby gets stronger.

*Steps:*
  1. Step 1: Lay a soft blanket on the floor.
  2. Step 2: Place your baby on their tummy while they are awake and supervised.
  3. Step 3: Engage with your baby by talking, singing, or showing them toys to encourage them to lift their head.

⏱ Duration: Start with 1-2 minutes, 2-3 times a day, gradually increasing to 15-20 minutes total per day

💡 *Why this matters:*
Tummy time helps newborns develop the neck and shoulder muscles needed for later milestones like rolling over and crawling. At this age, even brief periods of tummy time can significantly contribute to building the foundational strength for future motor skills.

📚 *Reference:*
American Academy of Pediatrics (2022). Tummy Time. HealthyChildren.org.
🔗 https://www.healthychildren.org/English/ages-stages/baby/preemie/Pages/Tummy-Time.aspx","👶 *엎드려 놀이 운동* (대근육 운동)
아기가 깨어있는 동안 보호자의 감독 하에 엎드려 놓아 목과 상체 근육 발달을 촉진하세요. 처음에는 짧은 시간 간격으로 시작하여 아기가 힘이 세짐에 따라 점차 시간을 늘려주세요.

*단계:*
  1. 1단계: 바닥에 부드러운 담요를 깔아주세요.
  2. 2단계: 아기가 깨어있는 동안 엎드려 놓아주시고, 항상 주의 깊게 지켜봐 주세요.
  3. 3단계: 아기가 고개를 들도록 격려하기 위해 말을 걸거나, 노래를 부르거나, 장난감을 보여주며 함께 놀아주세요.

⏱ 시간: Start with 1-2 minutes, 2-3 times a day, gradually increasing to 15-20 minutes total per day

💡 *이 활동이 중요한 이유:*
엎드려 놀기는 신생아가 나중에 뒤집기나 기어 다니기와 같은 발달 단계를 위해 필요한 목과 어깨 근육을 발달시키는 데 도움이 됩니다. 이 시기에는 짧은 시간 동안의 엎드려 놀이도 미래의 운동 능력을 위한 기초 체력을 키우는 데 크게 기여할 수 있습니다.

📚 *참고문헌:*
American Academy of Pediatrics (2022). Tummy Time. HealthyChildren.org.
🔗 https://www.healthychildren.org/English/ages-stages/baby/preemie/Pages/Tummy-Time.aspx",,false
2026-03-05,toy,Black and White Mobile,흑백 모빌,0 months,Sensory,"Newborns have limited visual acuity and are most responsive to high-contrast patterns. Black and white mobiles stimulate visual development by encouraging visual tracking and focus, which are crucial for early sensory development and laying the foundation for later visual skills like depth perception.","Hunnius, S., & Geuze, R. H. (2004). Developmental change in visual scanning of dynamic faces and abstract stimuli in infants: A longitudinal study. Developmental Psychobiology, 44(4), 212-220.",https://doi.org/10.1002/dev.20004,"🦓 *Black and White Mobile* (Sensory)
A high-contrast mobile placed within the infant's visual range (about 8-12 inches) to stimulate visual development. The mobile should feature simple black and white patterns or shapes. It should be securely attached to a crib or stand.

*Steps:*
  1. Step 1: Assemble the mobile according to the manufacturer's instructions.
  2. Step 2: Securely attach the mobile to the crib or a mobile stand, ensuring it is out of the baby's reach.
  3. Step 3: Position the mobile approximately 8-12 inches from the infant's face.
  4. Step 4: Observe the infant's visual tracking and engagement with the mobile.
  5. Step 5: Rotate the mobile periodically to maintain interest.

⏱ Duration: 5-10 minutes several times a day

💡 *Why this matters:*
Newborns have limited visual acuity and are most responsive to high-contrast patterns. Black and white mobiles stimulate visual development by encouraging visual tracking and focus, which are crucial for early sensory development and laying the foundation for later visual skills like depth perception.

📚 *Reference:*
Hunnius, S., & Geuze, R. H. (2004). Developmental change in visual scanning of dynamic faces and abstract stimuli in infants: A longitudinal study. Developmental Psychobiology, 44(4), 212-220.
🔗 https://doi.org/10.1002/dev.20004
🛒 <https://www.amazon.com/s?k=black+and+white+mobile+for+infants|Shop on Amazon>","🦓 *흑백 모빌* (감각 발달)
아기의 시각 발달을 자극하기 위해 아기의 시야 범위(약 20-30cm) 내에 흑백 대비가 높은 모빌을 놓아주세요. 모빌은 단순한 흑백 패턴이나 모양으로 구성되어야 합니다. 모빌은 아기 침대나 스탠드에 안전하게 부착해야 합니다.

*단계:*
  1. 1단계: 제조업체의 지침에 따라 모빌을 조립하세요.
  2. 2단계: 모빌이 아기의 손이 닿지 않는 곳에 있도록 침대나 모빌 스탠드에 단단히 고정하세요.
  3. 3단계: 모빌을 아기의 얼굴에서 약 20-30cm 떨어진 위치에 놓으세요.
  4. 4단계: 아기가 모빌을 시각적으로 따라가는지, 모빌에 집중하는지 관찰하세요.
  5. 5단계: 아기의 흥미를 유지하기 위해 모빌을 주기적으로 돌려주세요.

⏱ 시간: 5-10 minutes several times a day

💡 *이 활동이 중요한 이유:*
신생아는 시력이 제한적이며 대비가 높은 패턴에 가장 잘 반응합니다. 흑백 모빌은 시각적 추적과 집중을 장려하여 시각 발달을 자극하며, 이는 초기 감각 발달에 매우 중요하며 나중에 깊이 지각과 같은 시각 기술의 토대를 마련합니다. Hunnius, S., & Geuze, R. H. (2004). Developmental change in visual scanning of dynamic faces and abstract stimuli in infants: A longitudinal study. Developmental Psychobiology, 44(4), 212-220. (https://doi.org/10.1002/dev.20004)를 참고하세요.

📚 *참고문헌:*
Hunnius, S., & Geuze, R. H. (2004). Developmental change in visual scanning of dynamic faces and abstract stimuli in infants: A longitudinal study. Developmental Psychobiology, 44(4), 212-220.
🔗 https://doi.org/10.1002/dev.20004
🛒 <https://www.amazon.com/s?k=black+and+white+mobile+for+infants|아마존에서 구매>",https://www.amazon.com/s?k=black+and+white+mobile+for+infants,true
2026-03-05,exercise,Gentle Leg Bicycles,부드러운 다리 자전거 운동,0 months,Gross Motor,"At 0 months, babies are developing basic motor skills and body awareness. Leg bicycles promote gentle movement and flexibility, aiding early gross motor development and potentially relieving gas through gentle abdominal massage. This activity also encourages parent-child interaction and bonding during this crucial period.","Ernst, M. M., & Willett, K. (2006). Systematic review of infant massage for term and preterm infants. Pediatrics, 118(3), e717-e731.",https://doi.org/10.1542/peds.2005-2856,"👶 *Gentle Leg Bicycles* (Gross Motor)
Gently move your baby's legs in a cycling motion while they are lying on their back. This exercise helps improve circulation, digestion, and flexibility in newborns.

*Steps:*
  1. Lay your baby on their back on a soft surface.
  2. Gently hold their legs, one at a time.
  3. Move each leg in a circular, cycling motion, bending at the knee and hip.
  4. Repeat with the other leg.
  5. Continue alternating legs.

⏱ Duration: 5-10 minutes

💡 *Why this matters:*
At 0 months, babies are developing basic motor skills and body awareness. Leg bicycles promote gentle movement and flexibility, aiding early gross motor development and potentially relieving gas through gentle abdominal massage. This activity also encourages parent-child interaction and bonding during this crucial period.

📚 *Reference:*
Ernst, M. M., & Willett, K. (2006). Systematic review of infant massage for term and preterm infants. Pediatrics, 118(3), e717-e731.
🔗 https://doi.org/10.1542/peds.2005-2856","👶 *부드러운 다리 자전거 운동* (대근육 운동)
아기가 등을 대고 누워있는 동안 아기의 다리를 부드럽게 자전거 타듯이 움직여 주세요. 이 운동은 신생아의 혈액 순환, 소화 및 유연성 향상에 도움이 됩니다.

*단계:*
  1. 아기를 부드러운 표면에 등을 대고 눕히세요.
  2. 아기의 다리를 한 번에 하나씩 부드럽게 잡으세요.
  3. 각 다리를 무릎과 엉덩이를 굽혀 원을 그리며 자전거를 타는 듯한 동작으로 움직이세요.
  4. 다른 쪽 다리도 반복하세요.
  5. 다리를 번갈아 가며 계속하세요.

⏱ 시간: 5-10 minutes

💡 *이 활동이 중요한 이유:*
생후 0개월 아기들은 기본적인 운동 능력과 신체 인지 능력을 발달시키고 있습니다. 다리 자전거 운동은 부드러운 움직임과 유연성을 촉진하여 초기 대근육 운동 발달을 돕고, 부드러운 복부 마사지를 통해 가스를 완화하는 데 도움이 될 수 있습니다. 또한 이 활동은 중요한 시기에 부모-자녀 간의 상호 작용과 유대감을 장려합니다. Ernst, M. M., & Willett, K. (2006). Systematic review of infant massage for term and preterm infants. Pediatrics, 118(3), e717-e731. (https://doi.org/10.1542/peds.2005-2856)를 참고하세요.

📚 *참고문헌:*
Ernst, M. M., & Willett, K. (2006). Systematic review of infant massage for term and preterm infants. Pediatrics, 118(3), e717-e731.
🔗 https://doi.org/10.1542/peds.2005-2856",,false
2026-03-05,development_tip,Daily Tummy Time,매일매일 배 앓이 시간,0 months,Gross Motor,"Tummy time is crucial for developing neck and shoulder muscles, which are essential for head control and later milestones like rolling over and crawling. At 0 months, babies are beginning to develop head control, and tummy time helps strengthen the muscles needed for this and preventing flat head syndrome.",American Academy of Pediatrics. (2022). Tummy Time. HealthyChildren.org.,https://www.healthychildren.org/English/ages-stages/baby/preemie/Pages/Tummy-Time.aspx,"👶 *Daily Tummy Time* (Gross Motor)
Place your baby on their tummy for a few minutes several times a day while they are awake and supervised. Start with 1-2 minutes and gradually increase the duration as they get stronger and more comfortable. Make it engaging by getting down at their level and talking or singing to them.

*Steps:*
  1. Find a safe, clean, and firm surface.
  2. Place your baby on their tummy while they are awake and supervised.
  3. Engage with your baby by talking, singing, or using a toy to encourage them to lift their head.
  4. Start with short sessions (1-2 minutes) and gradually increase the duration.

⏱ Duration: 3-5 minutes, 2-3 times per day

💡 *Why this matters:*
Tummy time is crucial for developing neck and shoulder muscles, which are essential for head control and later milestones like rolling over and crawling. At 0 months, babies are beginning to develop head control, and tummy time helps strengthen the muscles needed for this and preventing flat head syndrome.

📚 *Reference:*
American Academy of Pediatrics. (2022). Tummy Time. HealthyChildren.org.
🔗 https://www.healthychildren.org/English/ages-stages/baby/preemie/Pages/Tummy-Time.aspx","👶 *매일매일 배 앓이 시간* (대근육 운동)
아기가 깨어있고 보호자의 감독 하에 있는 동안, 하루에 여러 번 아기를 배 위에 엎어 놓으세요. 처음에는 1~2분으로 시작하여 아기가 더 강해지고 편안해짐에 따라 시간을 점차 늘려주세요. 아기의 눈높이에 맞춰서 말을 걸거나 노래를 불러주면서 즐거운 시간을 만들어 주세요.

*단계:*
  1. 안전하고 깨끗하며 단단한 표면을 찾으세요.
  2. 아기가 깨어있고 보호자의 감독 하에 있는 동안 아기를 배 위에 엎어 놓으세요.
  3. 말을 걸거나, 노래를 부르거나, 장난감을 사용하여 아기가 머리를 들도록 격려하면서 아기와 교감하세요.
  4. 짧은 시간(1~2분)으로 시작하여 점차 시간을 늘리세요.

⏱ 시간: 3-5 minutes, 2-3 times per day

💡 *이 활동이 중요한 이유:*
배 앓이 시간은 목과 어깨 근육 발달에 매우 중요하며, 이는 머리 제어와 나중에 뒤집기 및 기어 다니기와 같은 발달 단계에 필수적입니다. 0개월 아기는 머리 제어를 시작하는 시기이며, 배 앓이 시간은 이를 위해 필요한 근육을 강화하고 납작머리 증후군을 예방하는 데 도움이 됩니다.

📚 *참고문헌:*
American Academy of Pediatrics. (2022). Tummy Time. HealthyChildren.org.
🔗 https://www.healthychildren.org/English/ages-stages/baby/preemie/Pages/Tummy-Time.aspx",,false
2026-03-05,toy,Mobile with High Contrast Images,대비가 강한 이미지 모빌,0 months,Sensory,"Newborns have limited visual acuity and are most attracted to high contrast images. Mobiles with black and white patterns or simple geometric shapes help stimulate visual development and encourage visual tracking, a crucial skill for later cognitive development.","Hunnius, S., & Geuze, R. H. (2004). Developmental changes in visual scanning of dynamic faces and abstract stimuli in infants: A longitudinal study. Infancy, 6(2), 231-255.",https://doi.org/10.1207/s15327078in0602_4,"🦓 *Mobile with High Contrast Images* (Sensory)
A mobile featuring black and white or high-contrast geometric shapes hung above the baby's crib or play area. The mobile should be visually stimulating but not overstimulating, with slow, gentle movement.

*Steps:*
  1. Step 1: Securely attach the mobile to the crib or play area, ensuring it is out of the baby's reach.
  2. Step 2: Position the mobile approximately 8-12 inches above the baby's chest.
  3. Step 3: Observe the baby's gaze and engagement with the mobile. If the baby seems overstimulated, reduce the amount of time spent looking at it.

⏱ Duration: 5-10 minutes, several times a day

💡 *Why this matters:*
Newborns have limited visual acuity and are most attracted to high contrast images. Mobiles with black and white patterns or simple geometric shapes help stimulate visual development and encourage visual tracking, a crucial skill for later cognitive development.

📚 *Reference:*
Hunnius, S., & Geuze, R. H. (2004). Developmental changes in visual scanning of dynamic faces and abstract stimuli in infants: A longitudinal study. Infancy, 6(2), 231-255.
🔗 https://doi.org/10.1207/s15327078in0602_4
🛒 <https://www.amazon.com/s?k=black+and+white+baby+mobile|Shop on Amazon>","🦓 *대비가 강한 이미지 모빌* (감각 발달)
흑백 또는 대비가 강한 기하학적 도형으로 이루어진 모빌을 아기 침대나 놀이 공간 위에 걸어주세요. 모빌은 시각적으로 자극적이되 과도하게 자극적이지 않아야 하며, 느리고 부드러운 움직임을 제공해야 합니다.

*단계:*
  1. 1단계: 모빌을 아기 손이 닿지 않는 안전한 위치에 침대나 놀이 공간에 단단히 고정합니다.
  2. 2단계: 모빌을 아기 가슴 위 약 20-30cm 높이에 위치시킵니다.
  3. 3단계: 아기의 시선과 모빌에 대한 집중도를 관찰합니다. 아기가 과도하게 자극받는 것처럼 보이면 모빌을 보는 시간을 줄여주세요.

⏱ 시간: 5-10 minutes, several times a day

💡 *이 활동이 중요한 이유:*
신생아는 시력이 제한적이므로 대비가 강한 이미지에 가장 큰 매력을 느낍니다. 흑백 패턴 또는 단순한 기하학적 모양의 모빌은 시각 발달을 자극하고 시각 추적 능력을 향상시키는 데 도움이 되며, 이는 이후 인지 발달에 중요한 기술입니다.

📚 *참고문헌:*
Hunnius, S., & Geuze, R. H. (2004). Developmental changes in visual scanning of dynamic faces and abstract stimuli in infants: A longitudinal study. Infancy, 6(2), 231-255.
🔗 https://doi.org/10.1207/s15327078in0602_4
🛒 <https://www.amazon.com/s?k=black+and+white+baby+mobile|아마존에서 구매>",https://www.amazon.com/s?k=black+and+white+baby+mobile,false
2026-03-05,toy,Black and White Mobile,흑백 모빌,0 months,Sensory,"Newborns have limited visual acuity and are most attracted to high-contrast images.  Black and white mobiles stimulate visual development by providing clear, focused shapes for the baby to track, supporting early visual perception skills which are fundamental for later cognitive development.",American Academy of Pediatrics (2024). Your Baby's Vision Development. HealthyChildren.org.,https://www.healthychildren.org/English/ages-stages/baby/preemie/Pages/Your-Newborns-Vision-Development.aspx,"🦓 *Black and White Mobile* (Sensory)
A crib mobile featuring high-contrast black and white patterns and shapes. This provides visual stimulation for newborns whose eyesight is still developing.

*Steps:*
  1. Step 1: Hang the mobile securely above the crib, out of baby's reach.
  2. Step 2: Position the mobile approximately 8-12 inches from the baby's face.
  3. Step 3: Observe the baby's focus and engagement with the mobile's patterns.

⏱ Duration: 5-10 minutes, several times a day

💡 *Why this matters:*
Newborns have limited visual acuity and are most attracted to high-contrast images.  Black and white mobiles stimulate visual development by providing clear, focused shapes for the baby to track, supporting early visual perception skills which are fundamental for later cognitive development.

📚 *Reference:*
American Academy of Pediatrics (2024). Your Baby's Vision Development. HealthyChildren.org.
🔗 https://www.healthychildren.org/English/ages-stages/baby/preemie/Pages/Your-Newborns-Vision-Development.aspx
🛒 <https://www.amazon.com/s?k=black+and+white+mobile+for+infants|Shop on Amazon>","🦓 *흑백 모빌* (감각 발달)
대비가 강한 흑백 패턴과 모양으로 이루어진 아기 침대 모빌입니다. 시력이 아직 발달 중인 신생아에게 시각적 자극을 제공합니다.

*단계:*
  1. 1단계: 아기의 손이 닿지 않는 곳에, 침대 위에 모빌을 안전하게 걸어주세요.
  2. 2단계: 아기의 얼굴에서 약 20~30cm 정도 떨어진 위치에 모빌을 놓아주세요.
  3. 3단계: 아기가 모빌의 패턴에 집중하고 관심을 보이는지 관찰하세요.

⏱ 시간: 5-10 minutes, several times a day

💡 *이 활동이 중요한 이유:*
신생아는 시력이 제한적이며 대비가 강한 이미지에 가장 큰 매력을 느낍니다. 흑백 모빌은 아기가 추적할 수 있는 명확하고 집중된 모양을 제공하여 시각 발달을 자극하고, 이는 이후 인지 발달에 기본적인 초기 시각 지각 능력을 지원합니다.

📚 *참고문헌:*
American Academy of Pediatrics (2024). Your Baby's Vision Development. HealthyChildren.org.
🔗 https://www.healthychildren.org/English/ages-stages/baby/preemie/Pages/Your-Newborns-Vision-Development.aspx
🛒 <https://www.amazon.com/s?k=black+and+white+mobile+for+infants|아마존에서 구매>",https://www.amazon.com/s?k=black+and+white+mobile+for+infants,false
2026-03-05,development_tip,Daily Tummy Time,매일매일 배 타임,0 months,Gross Motor,"Tummy time helps strengthen the neck and shoulder muscles, which are essential for later milestones like head control, rolling over, sitting up, and crawling. At 0 months, babies are developing head control, and tummy time provides the necessary stimulation for this development.",American Academy of Pediatrics (2022). Tummy Time. HealthyChildren.org.,https://www.healthychildren.org/English/ages-stages/baby/preemie/Pages/Tummy-Time.aspx,"👶 *Daily Tummy Time* (Gross Motor)
Place your baby on their tummy for short periods while they are awake and supervised. Start with a few minutes at a time and gradually increase the duration as your baby gets stronger and more comfortable. Make it engaging by getting down at their level and talking or singing to them.

*Steps:*
  1. Find a safe, flat surface like a play mat or blanket.
  2. Place your baby on their stomach while they are awake and supervised.
  3. Engage with your baby by talking, singing, or using toys to encourage them to lift their head.
  4. Start with 3-5 minutes and gradually increase as tolerated.

⏱ Duration: 3-5 minutes, increasing gradually

💡 *Why this matters:*
Tummy time helps strengthen the neck and shoulder muscles, which are essential for later milestones like head control, rolling over, sitting up, and crawling. At 0 months, babies are developing head control, and tummy time provides the necessary stimulation for this development.

📚 *Reference:*
American Academy of Pediatrics (2022). Tummy Time. HealthyChildren.org.
🔗 https://www.healthychildren.org/English/ages-stages/baby/preemie/Pages/Tummy-Time.aspx","👶 *매일매일 배 타임* (대근육 운동)
아기가 깨어있고 보호자의 감독 하에 짧은 시간 동안 배를 바닥에 대고 엎드려 놓으세요. 처음에는 몇 분씩 시작하여 아기가 힘이 세지고 편안해짐에 따라 점차 시간을 늘려주세요. 아기와 눈높이를 맞추고 말을 걸거나 노래를 불러주면서 즐거운 시간을 만들어 주세요.

*단계:*
  1. 놀이 매트나 담요처럼 안전하고 평평한 표면을 찾으세요.
  2. 아기가 깨어있고 보호자의 감독 하에 아기를 배 위에 엎드리게 하세요.
  3. 말을 걸거나, 노래를 부르거나, 장난감을 사용하여 아기가 고개를 들도록 격려하면서 아기와 교감하세요.
  4. 3-5분으로 시작하여 아기가 견딜 수 있을 때까지 점차적으로 시간을 늘리세요.

⏱ 시간: 3-5 minutes, increasing gradually

💡 *이 활동이 중요한 이유:*
배 타임은 목과 어깨 근육을 강화하는 데 도움이 되며, 이는 머리 가누기, 뒤집기, 앉기, 기어 다니기와 같은 이후의 발달 단계에 필수적입니다. 0개월 아기는 머리 가누기를 발달시키고 있으며, 배 타임은 이러한 발달에 필요한 자극을 제공합니다. American Academy of Pediatrics (2022). Tummy Time. HealthyChildren.org. (https://www.healthychildren.org/English/ages-stages/baby/preemie/Pages/Tummy-Time.aspx)

📚 *참고문헌:*
American Academy of Pediatrics (2022). Tummy Time. HealthyChildren.org.
🔗 https://www.healthychildren.org/English/ages-stages/baby/preemie/Pages/Tummy-Time.aspx",,true
2026-03-05,safety_tip,Safe Sleep Practices: Always place your baby on their back to sleep.,안전한 수면 습관: 아기를 항상 등을 대고 재우세요.,0 months,Safety,"Placing infants on their backs to sleep significantly reduces the risk of Sudden Infant Death Syndrome (SIDS). At this age, infants lack the motor skills to reposition themselves if they become unable to breathe, making back sleeping crucial for their safety.","American Academy of Pediatrics. (2022). Sleep-Related Infant Deaths: Updated 2022 Recommendations for Reducing Infant Deaths in the Sleep Environment. Pediatrics, 150(1), e2022057990.",https://doi.org/10.1542/peds.2022-057990,"🚼 *Safe Sleep Practices: Always place your baby on their back to sleep.* (Safety)
Always place your baby on their back to sleep for every sleep, whether it's a nap or bedtime. The crib should have a firm mattress and fitted sheet. Keep soft objects, toys, crib bumpers, and loose bedding out of your baby's sleep area.

*Steps:*
  1. Step 1: Ensure the crib or bassinet has a firm, flat mattress and a tightly fitted sheet.
  2. Step 2: Always place your baby on their back to sleep.
  3. Step 3: Keep the crib free of any soft objects, loose bedding, pillows, bumpers, and toys.

⏱ Duration: Every sleep, day and night, for the first year of life.

💡 *Why this matters:*
Placing infants on their backs to sleep significantly reduces the risk of Sudden Infant Death Syndrome (SIDS). At this age, infants lack the motor skills to reposition themselves if they become unable to breathe, making back sleeping crucial for their safety.

📚 *Reference:*
American Academy of Pediatrics. (2022). Sleep-Related Infant Deaths: Updated 2022 Recommendations for Reducing Infant Deaths in the Sleep Environment. Pediatrics, 150(1), e2022057990.
🔗 https://doi.org/10.1542/peds.2022-057990","🚼 *안전한 수면 습관: 아기를 항상 등을 대고 재우세요.* (안전)
아기를 재울 때마다, 낮잠이든 밤잠이든 항상 등을 대고 재우세요. 아기 침대는 단단한 매트리스와 딱 맞는 시트를 사용해야 합니다. 부드러운 물건, 장난감, 침대 범퍼, 헐렁한 침구류는 아기의 수면 공간에 두지 마세요.

*단계:*
  1. 1단계: 침대 또는 아기 침대에 단단하고 평평한 매트리스와 꼭 맞는 시트가 있는지 확인하세요.
  2. 2단계: 아기를 항상 등을 대고 재우세요.
  3. 3단계: 침대 안에 부드러운 물건, 헐렁한 침구, 베개, 범퍼, 장난감 등을 두지 마세요.

⏱ 시간: Every sleep, day and night, for the first year of life.

💡 *이 활동이 중요한 이유:*
아기를 등을 대고 재우는 것은 영아돌연사증후군(SIDS)의 위험을 크게 줄입니다. 이 시기의 아기들은 호흡 곤란이 발생했을 때 스스로 자세를 바꿀 수 있는 운동 능력이 부족하므로, 등을 대고 자는 것이 안전에 매우 중요합니다.

📚 *참고문헌:*
American Academy of Pediatrics. (2022). Sleep-Related Infant Deaths: Updated 2022 Recommendations for Reducing Infant Deaths in the Sleep Environment. Pediatrics, 150(1), e2022057990.
🔗 https://doi.org/10.1542/peds.2022-057990",,false
2026-03-05,book,High-Contrast Board Books,대비가 강한 보드북,0 months,Cognitive,"Newborns have limited visual acuity and are most attracted to high-contrast images. These books help stimulate visual development and early cognitive skills by encouraging focus and tracking, which are crucial for later learning. Newborns are developing visual preferences and the ability to focus their gaze.","Hunnius, S., & Geuze, R. H. (2004). Developmental changes in visual scanning of dynamic faces and abstract stimuli in infants: A longitudinal study. Infancy, 6(2), 231-255.",https://doi.org/10.1207/s15327078in0602_5,"🦓 *High-Contrast Board Books* (Cognitive)
Introduce your newborn to the world of books with high-contrast board books. These books feature simple, bold black and white patterns, shapes, and images that are visually stimulating for infants.

*Steps:*
  1. Step 1: Select a high-contrast board book with simple patterns.
  2. Step 2: Hold the book approximately 8-12 inches from your baby's face.
  3. Step 3: Slowly turn the pages, describing the images in a calm and soothing voice.

⏱ Duration: 5-10 minutes, several times a day

💡 *Why this matters:*
Newborns have limited visual acuity and are most attracted to high-contrast images. These books help stimulate visual development and early cognitive skills by encouraging focus and tracking, which are crucial for later learning. Newborns are developing visual preferences and the ability to focus their gaze.

📚 *Reference:*
Hunnius, S., & Geuze, R. H. (2004). Developmental changes in visual scanning of dynamic faces and abstract stimuli in infants: A longitudinal study. Infancy, 6(2), 231-255.
🔗 https://doi.org/10.1207/s15327078in0602_5
🛒 <https://www.amazon.com/s?k=high+contrast+baby+books|Shop on Amazon>","🦓 *대비가 강한 보드북* (인지 발달)
갓 태어난 아기에게 대비가 강한 보드북으로 책의 세계를 소개해주세요. 이 책들은 단순하고 굵은 흑백 패턴, 모양, 이미지로 구성되어 있어 아기들의 시각을 자극합니다.

*단계:*
  1. 1단계: 단순한 패턴이 있는 대비가 강한 보드북을 선택하세요.
  2. 2단계: 아기의 얼굴에서 약 20-30cm 떨어진 곳에 책을 들고 보여주세요.
  3. 3단계: 차분하고 부드러운 목소리로 그림을 설명하면서 천천히 페이지를 넘기세요.

⏱ 시간: 5-10 minutes, several times a day

💡 *이 활동이 중요한 이유:*
신생아는 시력이 제한적이며 대비가 강한 이미지에 가장 큰 매력을 느낍니다. 이러한 책은 집중력과 추적 능력을 길러주어 시각 발달과 초기 인지 능력 발달을 돕습니다. 이는 이후 학습에 매우 중요합니다. 신생아는 시각적 선호도를 개발하고 시선을 집중하는 능력을 키우고 있습니다.

📚 *참고문헌:*
Hunnius, S., & Geuze, R. H. (2004). Developmental changes in visual scanning of dynamic faces and abstract stimuli in infants: A longitudinal study. Infancy, 6(2), 231-255.
🔗 https://doi.org/10.1207/s15327078in0602_5
🛒 <https://www.amazon.com/s?k=high+contrast+baby+books|아마존에서 구매>",https://www.amazon.com/s?k=high+contrast+baby+books,false
2026-03-06,health_tip,Practice Skin-to-Skin Contact Immediately After Birth,출산 직후 피부 접촉(Skin-to-Skin)을 해주세요,0 months,Sensory,"Skin-to-skin contact helps regulate the newborn's physiological systems, which are still developing. It also promotes bonding and facilitates early breastfeeding, which provides crucial antibodies and nutrients for the baby's immune system and growth during the first few months.","Moore, E. R., Bergman, N., Anderson, G. C., & Medley, N. (2016). Early skin-to-skin contact for mothers and their healthy newborn infants. Cochrane Database of Systematic Reviews, 11(11), CD003519.",https://doi.org/10.1002/14651858.CD003519.pub5,"👶 *Practice Skin-to-Skin Contact Immediately After Birth* (Sensory)
Place your newborn directly on your chest, skin-to-skin, immediately after birth and continue for at least an hour or until after the first feeding. Cover the baby with a warm blanket. This helps regulate the baby's temperature, heart rate, and breathing, and promotes early breastfeeding.

*Steps:*
  1. Immediately after birth, ask the medical staff to place your baby directly on your bare chest.
  2. Cover your baby with a warm blanket, ensuring their back is also covered.
  3. Continue skin-to-skin contact for at least one hour or until after their first feeding.
  4. Monitor your baby's breathing and temperature, and seek assistance from medical staff if needed.

⏱ Duration: At least one hour, or until after the first feeding, and continue frequently in the following weeks.

💡 *Why this matters:*
Skin-to-skin contact helps regulate the newborn's physiological systems, which are still developing. It also promotes bonding and facilitates early breastfeeding, which provides crucial antibodies and nutrients for the baby's immune system and growth during the first few months.

📚 *Reference:*
Moore, E. R., Bergman, N., Anderson, G. C., & Medley, N. (2016). Early skin-to-skin contact for mothers and their healthy newborn infants. Cochrane Database of Systematic Reviews, 11(11), CD003519.
🔗 https://doi.org/10.1002/14651858.CD003519.pub5","👶 *출산 직후 피부 접촉(Skin-to-Skin)을 해주세요* (감각 발달)
갓 태어난 아기를 출산 직후 엄마의 가슴에 바로 올려놓고, 최소 한 시간 동안 또는 첫 수유가 끝날 때까지 피부를 맞대어 주세요. 아기를 따뜻한 담요로 덮어주세요. 아기의 체온, 심박수, 호흡을 안정시키고 초기 모유 수유를 촉진하는 데 도움이 됩니다.

*단계:*
  1. 출산 직후, 의료진에게 아기를 엄마의 맨 가슴에 바로 올려달라고 요청하세요.
  2. 아기의 등을 포함하여 따뜻한 담요로 아기를 덮어주세요.
  3. 최소 한 시간 동안 또는 첫 수유가 끝날 때까지 피부 접촉을 계속하세요.
  4. 아기의 호흡과 체온을 관찰하고, 필요한 경우 의료진의 도움을 받으세요.

⏱ 시간: At least one hour, or until after the first feeding, and continue frequently in the following weeks.

💡 *이 활동이 중요한 이유:*
피부 접촉은 아직 발달 중인 신생아의 생리적 시스템을 안정시키는 데 도움이 됩니다. 또한 유대감을 증진하고 초기 모유 수유를 촉진하여 아기의 면역 체계와 생후 몇 달 동안의 성장에 필수적인 항체와 영양소를 제공합니다. Moore, E. R., Bergman, N., Anderson, G. C., & Medley, N. (2016). Early skin-to-skin contact for mothers and their healthy newborn infants. Cochrane Database of Systematic Reviews, 11(11), CD003519. (https://doi.org/10.1002/14651858.CD003519.pub5)

📚 *참고문헌:*
Moore, E. R., Bergman, N., Anderson, G. C., & Medley, N. (2016). Early skin-to-skin contact for mothers and their healthy newborn infants. Cochrane Database of Systematic Reviews, 11(11), CD003519.
🔗 https://doi.org/10.1002/14651858.CD003519.pub5",,false
2026-03-06,health_tip,Practice Skin-to-Skin Contact,피부 접촉(Skin-to-Skin Contact)을 해주세요,0 months,Sensory,"Skin-to-skin contact immediately supports newborn adaptation by stabilizing their heart rate, breathing, and temperature. It also promotes early bonding and breastfeeding success, crucial for a 0-month-old's healthy development and regulation.","Moore, E. R., Bergman, N., Anderson, G. C., & Medley, N. (2016). Early skin-to-skin contact for mothers and their healthy newborn infants. Cochrane Database of Systematic Reviews, 11(11), CD003519.",https://doi.org/10.1002/14651858.CD003519.pub5,"👶 *Practice Skin-to-Skin Contact* (Sensory)
Place your newborn directly on your bare chest (or your partner's) immediately after birth and for several hours each day in the early weeks. Cover the baby with a warm blanket. This helps regulate the baby's temperature, heart rate, and breathing.

*Steps:*
  1. Undress your baby down to the diaper.
  2. Place the baby directly on your bare chest.
  3. Cover the baby's back with a warm blanket.
  4. Maintain skin-to-skin contact for at least an hour, or longer if both you and the baby are comfortable.

⏱ Duration: Several hours per day in the early weeks

💡 *Why this matters:*
Skin-to-skin contact immediately supports newborn adaptation by stabilizing their heart rate, breathing, and temperature. It also promotes early bonding and breastfeeding success, crucial for a 0-month-old's healthy development and regulation.

📚 *Reference:*
Moore, E. R., Bergman, N., Anderson, G. C., & Medley, N. (2016). Early skin-to-skin contact for mothers and their healthy newborn infants. Cochrane Database of Systematic Reviews, 11(11), CD003519.
🔗 https://doi.org/10.1002/14651858.CD003519.pub5","👶 *피부 접촉(Skin-to-Skin Contact)을 해주세요* (감각 발달)
갓 태어난 아기를 출산 직후부터 초기 몇 주 동안 매일 몇 시간씩 엄마(또는 아빠)의 맨 가슴에 직접 올려놓으세요. 아기를 따뜻한 담요로 덮어주세요. 이는 아기의 체온, 심박수 및 호흡을 안정시키는 데 도움이 됩니다.

*단계:*
  1. 아기의 기저귀만 남기고 옷을 벗기세요.
  2. 아기를 엄마(또는 아빠)의 맨 가슴에 직접 올려놓으세요.
  3. 아기의 등을 따뜻한 담요로 덮어주세요.
  4. 최소 한 시간 이상, 또는 엄마와 아기 모두 편안하다면 더 오래 피부 접촉을 유지하세요.

⏱ 시간: Several hours per day in the early weeks

💡 *이 활동이 중요한 이유:*
피부 접촉은 아기의 심박수, 호흡 및 체온을 안정화시켜 신생아의 적응을 즉시 지원합니다. 또한 초기 유대감 형성 및 모유 수유 성공을 촉진하여 0개월 아기의 건강한 발달과 안정에 매우 중요합니다. Moore, E. R., Bergman, N., Anderson, G. C., & Medley, N. (2016). Early skin-to-skin contact for mothers and their healthy newborn infants. Cochrane Database of Systematic Reviews, 11(11), CD003519. (https://doi.org/10.1002/14651858.CD003519.pub5) 를 참고하세요.

📚 *참고문헌:*
Moore, E. R., Bergman, N., Anderson, G. C., & Medley, N. (2016). Early skin-to-skin contact for mothers and their healthy newborn infants. Cochrane Database of Systematic Reviews, 11(11), CD003519.
🔗 https://doi.org/10.1002/14651858.CD003519.pub5",,false
2026-03-06,development_tip,High-Contrast Visual Stimulation,대비 높은 시각 자극,1 months,Sensory,"At 1 month old, infants' visual acuity is still developing. High-contrast images are easier for them to see and help stimulate visual development, promoting visual tracking and focus, which are important precursors to later visual-motor skills.",American Academy of Pediatrics (2024). Your Baby's Vision Development. HealthyChildren.org.,https://www.healthychildren.org/English/ages-stages/baby/vision/Pages/Vision-Development-in-Infants.aspx,"👁️ *High-Contrast Visual Stimulation* (Sensory)
Use high-contrast images and patterns to stimulate your baby's developing vision. This involves showing your baby black and white images, toys, or books, and allowing them to focus on the strong contrasts.

*Steps:*
  1. Step 1: Choose high-contrast images, patterns, or toys (e.g., black and white striped cards).
  2. Step 2: Hold the image about 8-12 inches from your baby's face.
  3. Step 3: Slowly move the image from side to side, allowing your baby to track it with their eyes.
  4. Step 4: Observe your baby's reactions. If they seem overstimulated, take a break and try again later.

⏱ Duration: 5-10 minutes, several times a day

💡 *Why this matters:*
At 1 month old, infants' visual acuity is still developing. High-contrast images are easier for them to see and help stimulate visual development, promoting visual tracking and focus, which are important precursors to later visual-motor skills.

📚 *Reference:*
American Academy of Pediatrics (2024). Your Baby's Vision Development. HealthyChildren.org.
🔗 https://www.healthychildren.org/English/ages-stages/baby/vision/Pages/Vision-Development-in-Infants.aspx","👁️ *대비 높은 시각 자극* (감각 발달)
아기의 시력 발달을 자극하기 위해 대비가 높은 이미지와 패턴을 사용하세요. 흑백 이미지, 장난감 또는 책을 아기에게 보여주고 강한 대비에 집중할 수 있도록 도와줍니다.

*단계:*
  1. 1단계: 대비가 높은 이미지, 패턴 또는 장난감(예: 흑백 줄무늬 카드)을 선택하세요.
  2. 2단계: 아기의 얼굴에서 약 20-30cm 떨어진 곳에 이미지를 보여주세요.
  3. 3단계: 이미지를 천천히 좌우로 움직여 아기가 눈으로 따라갈 수 있도록 해주세요.
  4. 4단계: 아기의 반응을 관찰하세요. 아기가 과도하게 자극받은 것처럼 보이면 잠시 휴식을 취한 후 다시 시도하세요.

⏱ 시간: 5-10 minutes, several times a day

💡 *이 활동이 중요한 이유:*
생후 1개월 된 아기의 시력은 아직 발달 중입니다. 대비가 높은 이미지는 아기가 보기에 더 쉽고 시각 발달을 자극하여 시각 추적 및 집중력을 향상시키는 데 도움이 됩니다. 이는 이후 시각-운동 능력의 중요한 선행 요소입니다.

📚 *참고문헌:*
American Academy of Pediatrics (2024). Your Baby's Vision Development. HealthyChildren.org.
🔗 https://www.healthychildren.org/English/ages-stages/baby/vision/Pages/Vision-Development-in-Infants.aspx",,true
2026-03-06,toy,Black and White Mobile,흑백 모빌,1 months,Sensory,"Newborns have limited visual acuity and are most attracted to high-contrast patterns. Black and white mobiles stimulate visual development by encouraging visual tracking and focus, which are crucial milestones in the first few months of life as their eyesight develops.",American Academy of Pediatrics (2024). Your Baby's Vision Development. HealthyChildren.org.,https://www.healthychildren.org/English/ages-stages/baby/vision/Pages/Vision-Newborn-to-3-Months.aspx,"🦓 *Black and White Mobile* (Sensory)
A high-contrast black and white mobile hung above the baby's crib or play area. The mobile should feature simple geometric shapes or patterns.

*Steps:*
  1. Assemble the mobile according to the manufacturer's instructions.
  2. Hang the mobile securely above the crib or play area, ensuring it is out of the baby's reach.
  3. Observe the baby's reaction to the mobile.  They should visually track the shapes.
  4. Rotate the mobile periodically to maintain the baby's interest.

⏱ Duration: 5-10 minutes, several times a day

💡 *Why this matters:*
Newborns have limited visual acuity and are most attracted to high-contrast patterns. Black and white mobiles stimulate visual development by encouraging visual tracking and focus, which are crucial milestones in the first few months of life as their eyesight develops.

📚 *Reference:*
American Academy of Pediatrics (2024). Your Baby's Vision Development. HealthyChildren.org.
🔗 https://www.healthychildren.org/English/ages-stages/baby/vision/Pages/Vision-Newborn-to-3-Months.aspx
🛒 <https://www.amazon.com/s?k=black+and+white+baby+mobile|Shop on Amazon>","🦓 *흑백 모빌* (감각)
아기의 침대나 놀이 공간 위에 걸어두는 대비가 강한 흑백 모빌입니다. 모빌은 단순한 기하학적 모양이나 패턴으로 구성되어야 합니다.

*단계:*
  1. 제조업체의 지침에 따라 모빌을 조립하세요.
  2. 아기의 손이 닿지 않는 곳에 침대나 놀이 공간 위에 모빌을 안전하게 걸어두세요.
  3. 모빌에 대한 아기의 반응을 관찰하세요. 아기가 시각적으로 모양을 따라야 합니다.
  4. 아기의 흥미를 유지하기 위해 모빌을 주기적으로 회전시켜 주세요.

⏱ 시간: 5-10 minutes, several times a day

💡 *이 활동이 중요한 이유:*
신생아는 시력이 제한적이며 대비가 강한 패턴에 가장 큰 매력을 느낍니다. 흑백 모빌은 시각적 추적과 집중을 장려하여 시각 발달을 자극하며, 이는 시력이 발달하는 생후 몇 달 동안 중요한 이정표입니다.

📚 *참고문헌:*
American Academy of Pediatrics (2024). Your Baby's Vision Development. HealthyChildren.org.
🔗 https://www.healthychildren.org/English/ages-stages/baby/vision/Pages/Vision-Newborn-to-3-Months.aspx
🛒 <https://www.amazon.com/s?k=black+and+white+baby+mobile|아마존에서 구매>",https://www.amazon.com/s?k=black+and+white+baby+mobile,true
2026-03-05,safety_tip,Monitor Bath Temperature,목욕물 온도 확인하기,1 months,Sensory,"At 1 month, a baby's skin is very delicate and sensitive to temperature changes. They cannot regulate their body temperature as effectively as older children or adults, making them more susceptible to burns from water that is too hot. Bathing is a sensory experience and preventing burns will make the child feel safer and more secure at bath time.",American Academy of Pediatrics (2024). Bathing Your Newborn. HealthyChildren.org.,https://www.healthychildren.org/English/ages-stages/baby/bathing-skin-care/Pages/Bathing-Your-Newborn.aspx,"🌡️ *Monitor Bath Temperature* (Sensory)
Always check the water temperature before placing your baby in the bath to prevent scalding. Baby's skin is much more sensitive than an adult's.

*Steps:*
  1. Step 1: Before placing your baby in the bathtub, test the water temperature with your wrist or elbow; it should feel warm, not hot.
  2. Step 2: Consider using a bath thermometer to ensure the water temperature is around 100°F (38°C).
  3. Step 3: Mix the hot and cold water thoroughly to avoid hot spots.

⏱ Duration: Every bath

💡 *Why this matters:*
At 1 month, a baby's skin is very delicate and sensitive to temperature changes. They cannot regulate their body temperature as effectively as older children or adults, making them more susceptible to burns from water that is too hot. Bathing is a sensory experience and preventing burns will make the child feel safer and more secure at bath time.

📚 *Reference:*
American Academy of Pediatrics (2024). Bathing Your Newborn. HealthyChildren.org.
🔗 https://www.healthychildren.org/English/ages-stages/baby/bathing-skin-care/Pages/Bathing-Your-Newborn.aspx","🌡️ *목욕물 온도 확인하기* (감각 발달)
아기를 목욕시키기 전에 항상 물 온도를 확인하여 화상을 예방하세요. 아기의 피부는 어른보다 훨씬 민감합니다.

*단계:*
  1. 1단계: 아기를 욕조에 넣기 전에 손목이나 팔꿈치로 물 온도를 테스트하세요. 따뜻하게 느껴져야 하며 뜨겁게 느껴지면 안 됩니다.
  2. 2단계: 목욕 온도계를 사용하여 물 온도가 약 38°C(100°F)인지 확인하는 것을 고려해 보세요.
  3. 3단계: 뜨거운 물과 찬 물을 완전히 섞어 뜨거운 부분이 없도록 하세요.

⏱ 시간: Every bath

💡 *이 활동이 중요한 이유:*
생후 1개월 된 아기의 피부는 매우 연약하고 온도 변화에 민감합니다. 아기는 나이가 많은 어린이 또는 성인만큼 효과적으로 체온을 조절할 수 없으므로 너무 뜨거운 물로 인한 화상에 더 취약합니다. 목욕은 감각적인 경험이며 화상을 예방하면 아이가 목욕 시간에 더 안전하고 안정감을 느낄 수 있습니다.

📚 *참고문헌:*
American Academy of Pediatrics (2024). Bathing Your Newborn. HealthyChildren.org.
🔗 https://www.healthychildren.org/English/ages-stages/baby/bathing-skin-care/Pages/Bathing-Your-Newborn.aspx",,true
2026-03-05,development_tip,Encourage Head Turning with Sound,소리를 이용해 고개 돌리기를 유도해주세요,1 months,Gross Motor,"At 1 month old, babies are developing head control and beginning to turn their heads towards sounds. This activity strengthens neck muscles, improves auditory processing, and encourages early exploration of their environment, supporting gross motor skill development and sensory integration.",American Academy of Pediatrics (2024). Your Baby's First Year. Healthychildren.org.,https://www.healthychildren.org/English/ages-stages/baby/Pages/Your-Babys-First-Year.aspx,"👂 *Encourage Head Turning with Sound* (Gross Motor)
Gently encourage your baby to turn their head towards sounds. Use a soft rattle or your voice to create a sound to one side of your baby's head, and wait to see if they turn towards it. Repeat on the other side. This helps develop neck strength and auditory localization.

*Steps:*
  1. Step 1: Lay your baby on their back on a soft, safe surface.
  2. Step 2: Position yourself to one side of your baby's head, slightly out of their direct line of sight.
  3. Step 3: Gently create a sound (e.g., rattle, soft voice) to see if they turn their head towards it.

⏱ Duration: 5-10 minutes, several times a day

💡 *Why this matters:*
At 1 month old, babies are developing head control and beginning to turn their heads towards sounds. This activity strengthens neck muscles, improves auditory processing, and encourages early exploration of their environment, supporting gross motor skill development and sensory integration.

📚 *Reference:*
American Academy of Pediatrics (2024). Your Baby's First Year. Healthychildren.org.
🔗 https://www.healthychildren.org/English/ages-stages/baby/Pages/Your-Babys-First-Year.aspx
🛒 <https://www.amazon.com/s?k=baby+rattles|Shop on Amazon>","👂 *소리를 이용해 고개 돌리기를 유도해주세요* (대근육 운동)
아기가 소리가 나는 쪽으로 고개를 돌리도록 부드럽게 유도해주세요. 부드러운 딸랑이나 엄마의 목소리를 사용하여 아기 머리 한쪽에서 소리를 내고, 아기가 그쪽으로 고개를 돌리는지 기다립니다. 반대쪽에서도 반복해주세요. 이는 목 근육 강화와 청각적 위치 파악 능력 발달에 도움이 됩니다.

*단계:*
  1. 1단계: 아기를 부드럽고 안전한 표면에 등을 대고 눕혀주세요.
  2. 2단계: 아기의 머리 한쪽 옆, 시야에서 약간 벗어난 위치에 자리 잡으세요.
  3. 3단계: 부드럽게 소리(예: 딸랑이, 부드러운 목소리)를 내어 아기가 그쪽으로 고개를 돌리는지 확인하세요.

⏱ 시간: 5-10 minutes, several times a day

💡 *이 활동이 중요한 이유:*
생후 1개월 된 아기들은 머리 제어 능력을 발달시키고 소리가 나는 쪽으로 고개를 돌리기 시작합니다. 이 활동은 목 근육을 강화하고, 청각 처리 능력을 향상시키며, 초기 환경 탐색을 장려하여 대근육 운동 능력 발달과 감각 통합을 지원합니다.

📚 *참고문헌:*
American Academy of Pediatrics (2024). Your Baby's First Year. Healthychildren.org.
🔗 https://www.healthychildren.org/English/ages-stages/baby/Pages/Your-Babys-First-Year.aspx
🛒 <https://www.amazon.com/s?k=baby+rattles|아마존에서 구매>",https://www.amazon.com/s?k=baby+rattles,true
2026-03-07,safety_tip,Prevent Falls from Changing Tables,기저귀 교환대 낙상 사고 예방,1 months,Safety,"At 1 month old, babies can startle easily and make sudden movements.  While they are not yet rolling over intentionally, a sudden jerk or reflex movement could cause them to fall off an elevated surface.  Preventing falls is crucial during this early stage of development to avoid head injuries.",American Academy of Pediatrics (2024). Changing Tables: Safety Tips. HealthyChildren.org,https://www.healthychildren.org/English/safety-prevention/at-home/Pages/Changing-Tables-Safety-Tips.aspx,"🚼 *Prevent Falls from Changing Tables* (Safety)
Never leave your baby unattended on a changing table, even for a moment. Gather all necessary supplies before placing the baby on the table, and always keep one hand on the baby to prevent falls. If you need to reach for something, take the baby with you.

*Steps:*
  1. Step 1: Gather all diapers, wipes, and clothing within easy reach before placing your baby on the changing table.
  2. Step 2: Always keep one hand on your baby while they are on the changing table.
  3. Step 3: If you need to step away or reach for something out of reach, even for a second, pick up your baby and take them with you.

⏱ Duration: Ongoing precaution during every diaper change.

💡 *Why this matters:*
At 1 month old, babies can startle easily and make sudden movements.  While they are not yet rolling over intentionally, a sudden jerk or reflex movement could cause them to fall off an elevated surface.  Preventing falls is crucial during this early stage of development to avoid head injuries.

📚 *Reference:*
American Academy of Pediatrics (2024). Changing Tables: Safety Tips. HealthyChildren.org
🔗 https://www.healthychildren.org/English/safety-prevention/at-home/Pages/Changing-Tables-Safety-Tips.aspx","🚼 *기저귀 교환대 낙상 사고 예방* (안전)
아이가 기저귀 교환대에 있는 동안에는 잠시라도 혼자 두지 마세요. 기저귀 교환 전에 필요한 물품을 모두 준비하고, 항상 아기에게서 손을 떼지 않도록 주의하여 낙상 사고를 예방하세요. 필요한 물건이 있다면 아기를 안고 함께 움직이세요.

*단계:*
  1. 1단계: 아기를 기저귀 교환대에 눕히기 전에 기저귀, 물티슈, 갈아입힐 옷 등을 손이 닿는 곳에 미리 준비해 두세요.
  2. 2단계: 아기가 기저귀 교환대 위에 있는 동안에는 항상 아기에게서 손을 떼지 마세요.
  3. 3단계: 잠시라도 자리를 비우거나 손이 닿지 않는 곳에 있는 물건을 가져와야 한다면, 아기를 안고 함께 움직이세요.

⏱ 시간: Ongoing precaution during every diaper change.

💡 *이 활동이 중요한 이유:*
생후 1개월 된 아기는 쉽게 깜짝 놀라거나 갑작스러운 움직임을 보일 수 있습니다. 아직 의도적으로 뒤집지는 못하지만, 갑작스러운 경련이나 반사 운동으로 인해 높은 곳에서 떨어질 위험이 있습니다. 이 시기에는 낙상 사고를 예방하여 머리 부상을 방지하는 것이 매우 중요합니다.

📚 *참고문헌:*
American Academy of Pediatrics (2024). Changing Tables: Safety Tips. HealthyChildren.org
🔗 https://www.healthychildren.org/English/safety-prevention/at-home/Pages/Changing-Tables-Safety-Tips.aspx",,false
2026-03-07,safety_tip,Secure Car Seat Installation and Use,안전한 카시트 설치 및 사용,1 months,Safety,"At 1 month old, infants lack the neck strength and skeletal development to withstand the forces of a car crash in a forward-facing position. Rear-facing car seats distribute crash forces across the entire back, head, and neck, providing the best protection. According to the AAP, infants should remain rear-facing as long as possible, until they reach the highest weight or height allowed by their car seat.",American Academy of Pediatrics (2023). Car Seats: Information for Families. HealthyChildren.org.,https://www.healthychildren.org/English/safety-prevention/on-the-go/Pages/Car-Safety-Seats-Information-for-Families.aspx,"🚗 *Secure Car Seat Installation and Use* (Safety)
Ensure your infant is always properly secured in a rear-facing car seat in the back seat of the car. This includes verifying correct installation of the car seat itself and proper harnessing of the baby within the seat. Check the car seat's expiration date and weight/height limits. Never place a rear-facing car seat in the front seat where there is an active airbag.

*Steps:*
  1. Step 1: Read the car seat's instruction manual and your vehicle's owner's manual thoroughly.
  2. Step 2: Install the car seat using either the vehicle's seat belt or the LATCH (Lower Anchors and Tethers for CHildren) system, ensuring a snug fit with minimal movement (less than 1 inch side-to-side or front-to-back).
  3. Step 3: Place the baby in the car seat, ensuring the harness straps are at or below the baby's shoulders. Tighten the harness straps so that you cannot pinch any excess webbing at the shoulder. The chest clip should be positioned at armpit level.
  4. Step 4: Always use the car seat rear-facing until your child reaches the maximum height or weight limit specified by the car seat manufacturer.

⏱ Duration: Ongoing; every car ride

💡 *Why this matters:*
At 1 month old, infants lack the neck strength and skeletal development to withstand the forces of a car crash in a forward-facing position. Rear-facing car seats distribute crash forces across the entire back, head, and neck, providing the best protection. According to the AAP, infants should remain rear-facing as long as possible, until they reach the highest weight or height allowed by their car seat.

📚 *Reference:*
American Academy of Pediatrics (2023). Car Seats: Information for Families. HealthyChildren.org.
🔗 https://www.healthychildren.org/English/safety-prevention/on-the-go/Pages/Car-Safety-Seats-Information-for-Families.aspx","🚗 *안전한 카시트 설치 및 사용* (안전)
아기가 항상 차량 뒷좌석에 후방 장착 카시트에 올바르게 고정되어 있는지 확인하십시오. 카시트 자체의 정확한 설치와 아기를 카시트 내부에 제대로 고정하는 것을 포함합니다. 카시트의 유효 기간과 체중/신장 제한을 확인하십시오. 에어백이 작동하는 앞좌석에는 절대로 후방 장착 카시트를 설치하지 마십시오.

*단계:*
  1. 1단계: 카시트 사용 설명서와 차량 사용 설명서를 꼼꼼히 읽으십시오.
  2. 2단계: 차량의 안전 벨트 또는 LATCH (Lower Anchors and Tethers for CHildren) 시스템을 사용하여 카시트를 설치하고, 좌우 또는 앞뒤로 2.5cm(1인치) 미만으로 움직이도록 단단히 고정되었는지 확인하십시오.
  3. 3단계: 아기를 카시트에 앉히고, 어깨 벨트가 아기의 어깨 높이 또는 그 아래에 있는지 확인하십시오. 어깨 부분에서 여분의 웨빙을 잡을 수 없을 정도로 어깨 벨트를 조입니다. 가슴 클립은 겨드랑이 높이에 위치해야 합니다.
  4. 4단계: 아기가 카시트 제조업체에서 지정한 최대 신장 또는 체중 제한에 도달할 때까지 항상 카시트를 후방 장착으로 사용하십시오.

⏱ 시간: Ongoing; every car ride

💡 *이 활동이 중요한 이유:*
생후 1개월 된 아기는 목 근육과 골격 발달이 미숙하여 전방을 향한 자세로 차량 충돌 시 발생하는 충격을 견딜 수 없습니다. 후방 장착 카시트는 충돌 시 발생하는 힘을 등 전체, 머리 및 목 전체에 분산시켜 최상의 보호를 제공합니다. AAP (American Academy of Pediatrics)에 따르면 아기는 카시트에서 허용하는 최대 체중 또는 신장에 도달할 때까지 가능한 한 오랫동안 후방 장착 자세를 유지해야 합니다.

📚 *참고문헌:*
American Academy of Pediatrics (2023). Car Seats: Information for Families. HealthyChildren.org.
🔗 https://www.healthychildren.org/English/safety-prevention/on-the-go/Pages/Car-Safety-Seats-Information-for-Families.aspx",,true
2026-03-08,exercise,Gentle Arm Stretches,부드러운 팔 스트레칭,1 months,Gross Motor,"At 1 month old, babies are developing muscle strength and control. Gentle arm stretches help improve flexibility and promote body awareness, which are precursors to later motor skills. This also provides a soothing and bonding experience.",WHO (2024). Physical activity for health. World Health Organization. https://www.who.int/news-room/fact-sheets/detail/physical-activity,https://www.who.int/news-room/fact-sheets/detail/physical-activity,"💪 *Gentle Arm Stretches* (Gross Motor)
Gently move your baby's arms in a slow, controlled manner to improve flexibility and body awareness. This activity can help soothe your baby and promote relaxation.

*Steps:*
  1. Step 1: Lay your baby on their back on a soft, safe surface.
  2. Step 2: Gently hold one of your baby's arms at the wrist.
  3. Step 3: Slowly extend the arm out to the side and then back to their body. Repeat 5-10 times.
  4. Step 4: Repeat with the other arm.

⏱ Duration: 5-10 minutes

💡 *Why this matters:*
At 1 month old, babies are developing muscle strength and control. Gentle arm stretches help improve flexibility and promote body awareness, which are precursors to later motor skills. This also provides a soothing and bonding experience.

📚 *Reference:*
WHO (2024). Physical activity for health. World Health Organization. https://www.who.int/news-room/fact-sheets/detail/physical-activity
🔗 https://www.who.int/news-room/fact-sheets/detail/physical-activity","💪 *부드러운 팔 스트레칭* (대근육 운동)
아기의 팔을 천천히 부드럽게 움직여 유연성과 신체 인지 능력을 향상시켜 주세요. 이 활동은 아기를 진정시키고 편안함을 증진하는 데 도움이 됩니다.

*단계:*
  1. 1단계: 아기를 부드럽고 안전한 표면에 등을 대고 눕혀 주세요.
  2. 2단계: 아기의 팔목을 부드럽게 잡아 주세요.
  3. 3단계: 팔을 옆으로 천천히 뻗었다가 다시 몸쪽으로 가져오세요. 5-10회 반복합니다.
  4. 4단계: 다른 쪽 팔도 똑같이 반복합니다.

⏱ 시간: 5-10 minutes

💡 *이 활동이 중요한 이유:*
생후 1개월 된 아기들은 근력과 조절 능력을 발달시키고 있습니다. 부드러운 팔 스트레칭은 유연성을 향상시키고 신체 인지 능력을 촉진하여 이후 운동 능력의 선행 요소가 됩니다. 또한, 아기를 진정시키고 유대감을 형성하는 경험을 제공합니다.

📚 *참고문헌:*
WHO (2024). Physical activity for health. World Health Organization. https://www.who.int/news-room/fact-sheets/detail/physical-activity
🔗 https://www.who.int/news-room/fact-sheets/detail/physical-activity",,false
2026-03-08,health_tip,Burp Your Baby After Feedings,수유 후 아기 트림시키기,1 months,Health & Well-being,"Newborns at 1 month old are still developing their digestive systems and often swallow air while feeding. Burping helps to release this trapped air, reducing discomfort and preventing spit-up, which can improve the baby's overall comfort and feeding experience during this critical period of growth and development.",AAP (2024). Breastfeeding FAQs: How Can I Tell If My Baby Is Getting Enough Milk?. American Academy of Pediatrics.,https://www.healthychildren.org/English/ages-stages/baby/breastfeeding/Pages/How-Can-I-Tell-If-My-Baby-Is-Getting-Enough-Milk.aspx,"💨 *Burp Your Baby After Feedings* (Health & Well-being)
Burping helps release trapped air that babies swallow during feeding. This can reduce discomfort, fussiness, and spitting up.

*Steps:*
  1. Step 1: After every 2-3 ounces of formula or after switching breasts during breastfeeding, pause the feeding.
  2. Step 2: Hold your baby upright against your shoulder, supporting their head and neck.
  3. Step 3: Gently pat or rub their back until they burp. If they don't burp after a few minutes, reposition them and try again before resuming feeding.
  4. Step 4: You can also sit your baby on your lap, supporting their chest and chin, and gently pat their back.

⏱ Duration: 2-3 minutes after each feeding interval

💡 *Why this matters:*
Newborns at 1 month old are still developing their digestive systems and often swallow air while feeding. Burping helps to release this trapped air, reducing discomfort and preventing spit-up, which can improve the baby's overall comfort and feeding experience during this critical period of growth and development.

📚 *Reference:*
AAP (2024). Breastfeeding FAQs: How Can I Tell If My Baby Is Getting Enough Milk?. American Academy of Pediatrics.
🔗 https://www.healthychildren.org/English/ages-stages/baby/breastfeeding/Pages/How-Can-I-Tell-If-My-Baby-Is-Getting-Enough-Milk.aspx","💨 *수유 후 아기 트림시키기* (건강 및 웰빙)
트림은 아기가 수유 중에 삼킨 공기를 배출하는 데 도움을 줍니다. 이는 불편함, 보챔, 젖 토함을 줄여줄 수 있습니다.

*단계:*
  1. 1단계: 분유를 60-90ml (2-3온스) 정도 먹이거나 모유 수유 중 젖을 바꾼 후 잠시 멈춥니다.
  2. 2단계: 아기의 머리와 목을 받쳐주면서 어깨에 기대어 안아 올립니다.
  3. 3단계: 아기가 트림을 할 때까지 등을 부드럽게 토닥이거나 문질러 줍니다. 몇 분 후에도 트림을 하지 않으면 자세를 바꿔 다시 시도한 후 수유를 재개합니다.
  4. 4단계: 아기를 무릎에 앉히고 가슴과 턱을 받쳐준 채 등을 부드럽게 토닥여 줄 수도 있습니다.

⏱ 시간: 2-3 minutes after each feeding interval

💡 *이 활동이 중요한 이유:*
생후 1개월 된 신생아는 소화기관이 아직 발달 중이므로 수유 중에 공기를 삼키는 경우가 많습니다. 트림은 이 갇힌 공기를 배출하여 불편함을 줄이고 젖 토함을 예방하여 이 중요한 성장 및 발달 기간 동안 아기의 전반적인 편안함과 수유 경험을 향상시키는 데 도움이 됩니다.

📚 *참고문헌:*
AAP (2024). Breastfeeding FAQs: How Can I Tell If My Baby Is Getting Enough Milk?. American Academy of Pediatrics.
🔗 https://www.healthychildren.org/English/ages-stages/baby/breastfeeding/Pages/How-Can-I-Tell-If-My-Baby-Is-Getting-Enough-Milk.aspx",,false
2026-03-09,health_tip,Newborn Calming Reflex Activation,신생아 달래기 반사 활성화,1 months,Sensory,"Newborns have an innate calming reflex that is most effective in the first few months of life. Mimicking the womb environment helps regulate their sensory system and reduces crying. At 1 month, the Moro reflex and general fussiness are common, thus calming techniques are very beneficial. ","Karp, H. B. (2008). The happiest baby on the block: The new way to calm crying and help your newborn baby sleep longer. Bantam.",https://www.amazon.com/Happiest-Baby-Block-Crying-Longer/dp/0553381466,"👶 *Newborn Calming Reflex Activation* (Sensory)
Activating the calming reflex can soothe a fussy newborn. This involves five techniques: swaddling snugly, holding the baby on their side or stomach, shushing loudly, swinging gently, and offering a pacifier or finger to suck. These actions mimic the womb environment and trigger an innate calming response.

*Steps:*
  1. Step 1: Swaddle your baby snugly, ensuring their arms are secured but hips are free to move.
  2. Step 2: Hold your baby on their side or stomach, supporting their head and neck.
  3. Step 3: Shush loudly near your baby's ear (as loud as a vacuum cleaner).
  4. Step 4: Swing your baby gently, moving their head no more than one inch in each direction.
  5. Step 5: Offer a pacifier or your clean finger for your baby to suck on.

⏱ Duration: Up to 15-20 minutes per episode of fussiness

💡 *Why this matters:*
Newborns have an innate calming reflex that is most effective in the first few months of life. Mimicking the womb environment helps regulate their sensory system and reduces crying. At 1 month, the Moro reflex and general fussiness are common, thus calming techniques are very beneficial. 

📚 *Reference:*
Karp, H. B. (2008). The happiest baby on the block: The new way to calm crying and help your newborn baby sleep longer. Bantam.
🔗 https://www.amazon.com/Happiest-Baby-Block-Crying-Longer/dp/0553381466
🛒 <https://www.amazon.com/s?k=happiest+baby+on+the+block|Shop on Amazon>","👶 *신생아 달래기 반사 활성화* (감각)
달래기 반사를 활성화하면 보채는 신생아를 진정시킬 수 있습니다. 아기를 꽉 껴안아 싸기, 옆으로 또는 배 위에 안기, 크게 '쉬' 소리 내기, 부드럽게 흔들기, 공갈 젖꼭지나 손가락을 빨게 하기의 다섯 가지 기술이 필요합니다. 이러한 행동은 자궁 환경을 모방하여 타고난 진정 반응을 유발합니다.

*단계:*
  1. 1단계: 아기의 팔을 고정하되 엉덩이는 자유롭게 움직일 수 있도록 아기를 꽉 껴안아 싸세요.
  2. 2단계: 아기의 머리와 목을 받치고 옆으로 또는 배 위에 안으세요.
  3. 3단계: 아기의 귀 가까이에서 (진공 청소기만큼 크게) '쉬' 소리를 크게 내세요.
  4. 4단계: 아기의 머리를 각 방향으로 2.5cm 이상 움직이지 않도록 부드럽게 흔드세요.
  5. 5단계: 아기에게 공갈 젖꼭지나 깨끗한 손가락을 빨게 하세요.

⏱ 시간: Up to 15-20 minutes per episode of fussiness

💡 *이 활동이 중요한 이유:*
신생아는 생후 처음 몇 달 동안 가장 효과적인 타고난 달래기 반사를 가지고 있습니다. 자궁 환경을 모방하면 감각 시스템을 조절하고 울음을 줄이는 데 도움이 됩니다. 생후 1개월에는 모로 반사와 일반적인 보챔이 흔하므로 달래기 기술이 매우 유익합니다.

📚 *참고문헌:*
Karp, H. B. (2008). The happiest baby on the block: The new way to calm crying and help your newborn baby sleep longer. Bantam.
🔗 https://www.amazon.com/Happiest-Baby-Block-Crying-Longer/dp/0553381466
🛒 <https://www.amazon.com/s?k=happiest+baby+on+the+block|아마존에서 구매>",https://www.amazon.com/s?k=happiest+baby+on+the+block,false
2026-03-09,safety_tip,Avoid Using Baby Walkers,보행기 사용을 피해주세요,1 months,Gross Motor,"At 1 month old, babies lack the motor skills, judgment, and reflexes necessary to safely operate a baby walker. Walkers can delay independent walking and proper muscle development by promoting unnatural movement patterns before the baby is developmentally ready to support their weight.","American Academy of Pediatrics (2018). Policy Statement: Prevention of Pediatric Injuries Associated With Baby Walkers. Pediatrics, 141(3), e20174332.",https://doi.org/10.1542/peds.2017-4332,"🚼 *Avoid Using Baby Walkers* (Gross Motor)
Baby walkers are mobile seats on wheels or frames that allow babies to move around before they can walk independently. Pediatricians strongly advise against using them due to significant safety risks and lack of developmental benefits.

*Steps:*
  1. Understand the risks: Be aware that baby walkers can lead to serious injuries, primarily from falls down stairs or access to dangerous objects.
  2. Choose stationary activity centers instead: Opt for stationary activity centers that allow babies to bounce, swivel, and play without moving across the floor.
  3. Communicate with caregivers: Inform all caregivers (grandparents, babysitters, etc.) about the dangers of baby walkers and your decision not to use them.

⏱ Duration: Permanent avoidance is recommended.

💡 *Why this matters:*
At 1 month old, babies lack the motor skills, judgment, and reflexes necessary to safely operate a baby walker. Walkers can delay independent walking and proper muscle development by promoting unnatural movement patterns before the baby is developmentally ready to support their weight.

📚 *Reference:*
American Academy of Pediatrics (2018). Policy Statement: Prevention of Pediatric Injuries Associated With Baby Walkers. Pediatrics, 141(3), e20174332.
🔗 https://doi.org/10.1542/peds.2017-4332","🚼 *보행기 사용을 피해주세요* (대근육 운동)
보행기는 아기가 스스로 걷기 전에 바퀴나 프레임이 달린 의자에 앉아 이동할 수 있게 하는 제품입니다. 소아과 의사들은 심각한 안전 위험과 발달상의 이점이 없기 때문에 보행기 사용을 강력히 권장하지 않습니다.

*단계:*
  1. 위험성을 이해하세요: 보행기는 계단에서 떨어지거나 위험한 물건에 접근하는 등 심각한 부상으로 이어질 수 있다는 점을 인지해야 합니다.
  2. 대신 고정식 놀이 센터를 선택하세요: 바닥에서 움직이지 않고도 아기가 튕기거나 회전하며 놀 수 있는 고정식 놀이 센터를 선택하세요.
  3. 돌보는 사람들과 소통하세요: 모든 돌보는 사람(조부모, 베이비시터 등)에게 보행기의 위험성과 보행기를 사용하지 않기로 한 결정을 알려주세요.

⏱ 시간: Permanent avoidance is recommended.

💡 *이 활동이 중요한 이유:*
생후 1개월 된 아기는 보행기를 안전하게 조작하는 데 필요한 운동 능력, 판단력 및 반사 신경이 부족합니다. 보행기는 아기가 발달적으로 체중을 지탱할 준비가 되기 전에 부자연스러운 움직임 패턴을 조장하여 독립적인 걷기와 적절한 근육 발달을 지연시킬 수 있습니다.

📚 *참고문헌:*
American Academy of Pediatrics (2018). Policy Statement: Prevention of Pediatric Injuries Associated With Baby Walkers. Pediatrics, 141(3), e20174332.
🔗 https://doi.org/10.1542/peds.2017-4332",,true
2026-03-10,toy,Textured Sensory Balls,촉각 자극 공,1 months,Sensory,"At 1 month, a baby's vision is still developing, and they are learning about the world through touch.  Introducing textured sensory balls stimulates their tactile senses and encourages early exploration, supporting sensory integration and future fine motor development.  This aligns with the typical developmental milestones of exploring objects with hands and mouth emerging around 3-4 months.","Rochat, P. (2017). The emerging sense of self. Oxford University Press.",https://oxford.universitypressscholarship.com/view/10.1093/acprof:oso/9780190493489.001.0001/acprof-9780190493489,"🧸 *Textured Sensory Balls* (Sensory)
Introduce soft, textured sensory balls of varying sizes and textures to your 1-month-old. These balls should be easy to grasp (even though they won't be grasping yet, they will soon!) and made of safe, non-toxic materials. Supervise the baby closely during playtime.

*Steps:*
  1. Step 1: Choose a set of sensory balls with different textures, sizes, and colors. Ensure they are made of safe, non-toxic materials.
  2. Step 2: Place the baby on their back or in a supported semi-reclined position.
  3. Step 3: Hold a sensory ball near the baby's hands and feet, allowing them to touch and feel the different textures.

⏱ Duration: 5-10 minutes, several times a day

💡 *Why this matters:*
At 1 month, a baby's vision is still developing, and they are learning about the world through touch.  Introducing textured sensory balls stimulates their tactile senses and encourages early exploration, supporting sensory integration and future fine motor development.  This aligns with the typical developmental milestones of exploring objects with hands and mouth emerging around 3-4 months.

📚 *Reference:*
Rochat, P. (2017). The emerging sense of self. Oxford University Press.
🔗 https://oxford.universitypressscholarship.com/view/10.1093/acprof:oso/9780190493489.001.0001/acprof-9780190493489
🛒 <https://www.amazon.com/s?k=sensory+balls+for+babies|Shop on Amazon>","🧸 *촉각 자극 공* (감각)
생후 1개월 된 아기에게 다양한 크기와 질감의 부드러운 촉각 공을 소개해주세요. 이 공들은 잡기 쉬워야 하며 (아직 잡지는 못하겠지만 곧 잡을 수 있게 될 거예요!) 안전하고 무독성 소재로 만들어져야 합니다. 놀이 시간 동안 아기를 주의 깊게 관찰해주세요.

*단계:*
  1. 1단계: 다양한 질감, 크기, 색상의 촉각 공 세트를 선택하세요. 안전하고 무독성 소재로 만들어졌는지 확인하세요.
  2. 2단계: 아기를 등을 대고 눕히거나, 약간 기대어 앉은 자세로 지지해주세요.
  3. 3단계: 아기의 손과 발 근처에 촉각 공을 대고 다양한 질감을 만지고 느낄 수 있도록 해주세요.

⏱ 시간: 5-10 minutes, several times a day

💡 *이 활동이 중요한 이유:*
생후 1개월 된 아기의 시력은 아직 발달 중이며, 촉각을 통해 세상을 배우고 있습니다. 촉각 자극 공을 소개하는 것은 아기의 촉각을 자극하고 초기 탐색을 장려하여 감각 통합과 미래의 소근육 발달을 지원합니다. 이는 3~4개월경에 나타나는 손과 입으로 물건을 탐색하는 일반적인 발달 단계와 일치합니다.

📚 *참고문헌:*
Rochat, P. (2017). The emerging sense of self. Oxford University Press.
🔗 https://oxford.universitypressscholarship.com/view/10.1093/acprof:oso/9780190493489.001.0001/acprof-9780190493489
🛒 <https://www.amazon.com/s?k=sensory+balls+for+babies|아마존에서 구매>",https://www.amazon.com/s?k=sensory+balls+for+babies,false
2026-03-10,safety_tip,Prevent Scalding from Tap Water,수돗물 화상 예방하기,1 months,Safety,"Infants have thinner skin than adults, making them more susceptible to burns from hot water.  At one month old, they cannot protect themselves, so parents should take precautions to ensure the water temperature is safe during baths to prevent severe burns. Setting the water heater to 120°F significantly reduces the risk of scalding.",American Academy of Pediatrics (2024). Burns: Prevention. HealthyChildren.org.,https://www.healthychildren.org/English/safety-prevention/at-home/Pages/Burns.aspx,"🌡️ *Prevent Scalding from Tap Water* (Safety)
To prevent accidental scalding, adjust your home's water heater to a maximum temperature of 120°F (49°C). This simple adjustment can significantly reduce the risk of burns, as it takes longer for water at this temperature to cause serious skin damage.

*Steps:*
  1. Locate your water heater.
  2. Find the temperature setting dial or control panel.
  3. Adjust the temperature setting to 120°F (49°C) or lower.

⏱ Duration: One-time adjustment

💡 *Why this matters:*
Infants have thinner skin than adults, making them more susceptible to burns from hot water.  At one month old, they cannot protect themselves, so parents should take precautions to ensure the water temperature is safe during baths to prevent severe burns. Setting the water heater to 120°F significantly reduces the risk of scalding.

📚 *Reference:*
American Academy of Pediatrics (2024). Burns: Prevention. HealthyChildren.org.
🔗 https://www.healthychildren.org/English/safety-prevention/at-home/Pages/Burns.aspx","🌡️ *수돗물 화상 예방하기* (안전)
예기치 않은 화상을 예방하기 위해 가정의 온수기 온도를 최대 49°C(120°F)로 조절하세요. 이 간단한 조정을 통해 화상의 위험을 크게 줄일 수 있습니다. 이 온도에서는 물이 심각한 피부 손상을 일으키는 데 시간이 더 오래 걸리기 때문입니다.

*단계:*
  1. 온수기의 위치를 확인합니다.
  2. 온도 설정 다이얼 또는 제어판을 찾습니다.
  3. 온도 설정을 49°C(120°F) 이하로 조정합니다.

⏱ 시간: One-time adjustment

💡 *이 활동이 중요한 이유:*
영아는 성인보다 피부가 얇아 뜨거운 물로 인한 화상에 더 취약합니다. 생후 1개월 된 아기는 스스로를 보호할 수 없으므로 부모는 심각한 화상을 예방하기 위해 목욕 중 수온이 안전한지 확인해야 합니다. 온수기를 49°C(120°F)로 설정하면 화상 위험을 크게 줄일 수 있습니다.

📚 *참고문헌:*
American Academy of Pediatrics (2024). Burns: Prevention. HealthyChildren.org.
🔗 https://www.healthychildren.org/English/safety-prevention/at-home/Pages/Burns.aspx",,false
